"Seed","Configuration_ID","Test_Observations","Prefilter_Stack_BA","Standard_Stack_BA","Hard_Vote_BA","XGBoost_BA","Prefilter_Stack_Accuracy","Standard_Stack_Accuracy","Hard_Vote_Accuracy","XGBoost_Accuracy","Direct_Vote_Rate","Cases_Sent_To_Meta","Meta_Route_Accuracy","Direct_Route_Accuracy","Prefilter_Minus_Standard","Prefilter_Minus_Hard_Vote","Prefilter_Minus_XGBoost"
100,"SpambasePrefilter5of6OOFThresholds",919,0.95918843052263,0.949797653173572,0.953733001378736,0.957254232917068,0.957562568008705,0.945593035908596,0.952121871599565,0.957562568008705,0.947769314472252,48,0.75,0.969001148105626,0.00939077734905824,0.00545542914389441,0.00193419760556257
200,"SpambasePrefilter5of6OOFThresholds",919,0.9576683495839,0.956150748385689,0.957184800182509,0.949519922235337,0.958650707290533,0.952121871599565,0.958650707290533,0.949945593035909,0.968443960826986,29,0.586206896551724,0.970786516853933,0.00151760119821065,0.000483549401390615,0.00814842734856236
300,"SpambasePrefilter5of6OOFThresholds",919,0.94061269428767,0.939231478818056,0.938609063947549,0.939092613348939,0.9379760609358,0.936887921653972,0.939064200217628,0.939064200217628,0.932535364526659,62,0.612903225806452,0.961493582263711,0.00138121546961323,0.00200363034012119,0.00152008093873046
400,"SpambasePrefilter5of6OOFThresholds",919,0.953733001378736,0.953594135909619,0.948208139500283,0.944548042492834,0.952121871599565,0.954298150163221,0.947769314472252,0.944504896626768,0.959738846572361,37,0.621621621621622,0.965986394557823,0.000138865469117233,0.00552486187845302,0.00918495888590209
500,"SpambasePrefilter5of6OOFThresholds",919,0.942336113949036,0.94523741035738,0.945306843091939,0.953180019242786,0.94885745375408,0.94885745375408,0.947769314472252,0.953210010881393,0.957562568008705,39,0.666666666666667,0.961363636363636,-0.0029012964083438,-0.00297072914290253,-0.01084390529375
600,"SpambasePrefilter5of6OOFThresholds",919,0.945445708561056,0.943375125226896,0.945515141295615,0.947794022833451,0.945593035908596,0.940152339499456,0.944504896626768,0.946681175190424,0.944504896626768,51,0.686274509803922,0.960829493087558,0.00207058333415988,-6.94327345587276e-05,-0.00234831427239457
700,"SpambasePrefilter5of6OOFThresholds",919,0.949795173433052,0.953455270440501,0.954491801977841,0.941438447880814,0.953210010881393,0.956474428726877,0.955386289445049,0.947769314472252,0.939064200217628,56,0.660714285714286,0.972190034762457,-0.00366009700744918,-0.00469662854478914,0.0083567255522381
800,"SpambasePrefilter5of6OOFThresholds",919,0.949036372833947,0.950901137704951,0.949036372833947,0.935985498477439,0.949945593035909,0.951033732317737,0.949945593035909,0.934711643090316,0.957562568008705,39,0.717948717948718,0.960227272727273,-0.00186476487100395,0,0.0130508743565072
900,"SpambasePrefilter5of6OOFThresholds",919,0.936605433607427,0.933843002668201,0.927973456857474,0.931358302667209,0.940152339499456,0.9379760609358,0.931447225244831,0.931447225244831,0.947769314472252,48,0.729166666666667,0.951779563719862,0.00276243093922657,0.00863197674995286,0.00524713094021834
1000,"SpambasePrefilter5of6OOFThresholds",919,0.95041758830356,0.945723439499291,0.948622256167115,0.952351785909123,0.951033732317737,0.941240478781284,0.94885745375408,0.951033732317737,0.953210010881393,43,0.627906976744186,0.96689497716895,0.0046941488042691,0.00179533213644523,-0.00193419760556257
1100,"SpambasePrefilter5of6OOFThresholds",919,0.940887945485384,0.938264380015275,0.93853963121299,0.93336193300733,0.941240478781284,0.936887921653972,0.940152339499456,0.930359085963003,0.947769314472252,48,0.604166666666667,0.959816303099885,0.00262356547010922,0.00234831427239457,0.00752601247805429
1200,"SpambasePrefilter5of6OOFThresholds",919,0.943650376424611,0.947932888302568,0.942269160954998,0.947724590098892,0.94341675734494,0.944504896626768,0.942328618063112,0.947769314472252,0.94885745375408,47,0.659574468085106,0.958715596330275,-0.00428251187795714,0.00138121546961323,-0.00407421367428107
1300,"SpambasePrefilter5of6OOFThresholds",919,0.946896356765228,0.952007101976849,0.946757491296111,0.900356586686769,0.945593035908596,0.94885745375408,0.947769314472252,0.88683351468988,0.945593035908596,50,0.6,0.965477560414269,-0.00511074521162114,0.000138865469117233,0.0465397700784589
1400,"SpambasePrefilter5of6OOFThresholds",919,0.948622256167115,0.950487021038119,0.948622256167115,0.947794022833451,0.94885745375408,0.949945593035909,0.94885745375408,0.946681175190424,0.944504896626768,51,0.686274509803922,0.964285714285714,-0.00186476487100384,0,0.000828233333663997
1500,"SpambasePrefilter5of6OOFThresholds",919,0.94420335856056,0.9514541198409,0.946482240098396,0.944686907961951,0.942328618063112,0.949945593035909,0.944504896626768,0.942328618063112,0.931447225244831,63,0.666666666666667,0.962616822429907,-0.00725076128033963,-0.00227888153783584,-0.000483549401390615
1600,"SpambasePrefilter5of6OOFThresholds",919,0.959394248985786,0.960430780523126,0.95663181804656,0.959947231121735,0.961915125136017,0.960826985854189,0.959738846572361,0.960826985854189,0.967355821545158,30,0.633333333333333,0.973003374578178,-0.00103653153733996,0.00276243093922646,-0.000552982135949343
1700,"SpambasePrefilter5of6OOFThresholds",919,0.932117103266314,0.933014769334537,0.928457006258865,0.92921828659849,0.934711643090316,0.935799782372144,0.931447225244831,0.927094668117519,0.949945593035909,46,0.652173913043478,0.949599083619702,-0.000897666068222613,0.00366009700744918,0.00289881666782388
1800,"SpambasePrefilter5of6OOFThresholds",919,0.931978237797197,0.937158415743377,0.931564121130365,0.920033327712588,0.936887921653972,0.939064200217628,0.935799782372144,0.919477693144722,0.944504896626768,51,0.627450980392157,0.955069124423963,-0.00518017794617975,0.000414116666831887,0.0119449100846086
1900,"SpambasePrefilter5of6OOFThresholds",919,0.945651527024212,0.942891575825506,0.94627394189472,0.945929257962447,0.949945593035909,0.940152339499456,0.947769314472252,0.945593035908596,0.955386289445049,41,0.682926829268293,0.962414578587699,0.00275995119870653,-0.000622414870507959,-0.000277730938234577
2000,"SpambasePrefilter5of6OOFThresholds",919,0.95193518950177,0.963054345993235,0.954905918644673,0.955320035311505,0.957562568008705,0.965179542981502,0.956474428726877,0.957562568008705,0.944504896626768,51,0.705882352941177,0.972350230414747,-0.0111191564914648,-0.00297072914290253,-0.00338484580973453
2100,"SpambasePrefilter5of6OOFThresholds",919,0.954147118045568,0.956978981719353,0.951245821637224,0.959118997788071,0.953210010881393,0.954298150163221,0.953210010881393,0.958650707290533,0.946681175190424,49,0.591836734693878,0.973563218390805,-0.00283186367378518,0.0029012964083438,-0.00497187974250368
2200,"SpambasePrefilter5of6OOFThresholds",919,0.949314103772181,0.942202207960959,0.950625886507236,0.939992759157682,0.945593035908596,0.935799782372144,0.947769314472252,0.932535364526659,0.947769314472252,48,0.604166666666667,0.964408725602755,0.0071118958112224,-0.00131178273505461,0.00932134461449952
2300,"SpambasePrefilter5of6OOFThresholds",919,0.936883164545662,0.943858674628287,0.937850263348443,0.939645595484888,0.935799782372144,0.940152339499456,0.935799782372144,0.9379760609358,0.936887921653972,58,0.620689655172414,0.957026713124274,-0.00697551008262498,-0.00096709880278123,-0.00276243093922657
2400,"SpambasePrefilter5of6OOFThresholds",919,0.945445708561056,0.944272791295119,0.947102175228384,0.942958528819544,0.945593035908596,0.941240478781284,0.949945593035909,0.946681175190424,0.951033732317737,45,0.555555555555556,0.965675057208238,0.00117291726593716,-0.00165646666732799,0.0024871797415118
2500,"SpambasePrefilter5of6OOFThresholds",919,0.950901137704951,0.949450489500779,0.949934038902169,0.941855044288166,0.951033732317737,0.951033732317737,0.951033732317737,0.941240478781284,0.957562568008705,39,0.82051282051282,0.956818181818182,0.00145064820417184,0.00096709880278123,0.00904609341678486
2600,"SpambasePrefilter5of6OOFThresholds",919,0.946826924030669,0.944892726425107,0.945445708561056,0.946482240098396,0.946681175190424,0.946681175190424,0.945593035908596,0.944504896626768,0.956474428726877,40,0.575,0.963594994311718,0.00193419760556268,0.00138121546961334,0.000344683932273382
2700,"SpambasePrefilter5of6OOFThresholds",919,0.932392354464029,0.939092613348939,0.931150004463533,0.923690944979517,0.9379760609358,0.939064200217628,0.934711643090316,0.930359085963003,0.947769314472252,48,0.666666666666667,0.95292766934558,-0.00670025888491033,0.00124235000049588,0.00870140948451159
2800,"SpambasePrefilter5of6OOFThresholds",919,0.943303212751818,0.942889096084986,0.93750309967565,0.945376275826498,0.94885745375408,0.947769314472252,0.941240478781284,0.946681175190424,0.942328618063112,53,0.716981132075472,0.963048498845266,0.000414116666832109,0.00580011307616779,-0.0020730630746798
2900,"SpambasePrefilter5of6OOFThresholds",919,0.942819663350427,0.944686907961951,0.939228999077537,0.926039259251912,0.94885745375408,0.942328618063112,0.944504896626768,0.931447225244831,0.949945593035909,46,0.673913043478261,0.963344788087056,-0.00186724461152377,0.00359066427289056,0.0167804040985152
3000,"SpambasePrefilter5of6OOFThresholds",919,0.9400572324112,0.940126665145759,0.935154785403255,0.93646656813831,0.946681175190424,0.945593035908596,0.940152339499456,0.942328618063112,0.94885745375408,47,0.74468085106383,0.957568807339449,-6.94327345587276e-05,0.00490244700794507,0.00359066427289045
3100,"SpambasePrefilter5of6OOFThresholds",919,0.92873225745658,0.934120733606435,0.934948966940099,0.908157850362538,0.934711643090316,0.933623503808487,0.935799782372144,0.900979325353645,0.928182807399347,66,0.621212121212121,0.958968347010551,-0.00538847614985571,-0.00621670948351971,0.0205744070940417
3200,"SpambasePrefilter5of6OOFThresholds",919,0.952696469841396,0.949242191297103,0.949519922235337,0.948483390697997,0.953210010881393,0.954298150163221,0.949945593035909,0.951033732317737,0.94885745375408,47,0.680851063829787,0.967889908256881,0.00345427854429303,0.00317654760605857,0.00421307914339841
3300,"SpambasePrefilter5of6OOFThresholds",919,0.934740668736423,0.928454526518345,0.928662824722021,0.930044040191634,0.939064200217628,0.939064200217628,0.935799782372144,0.936887921653972,0.951033732317737,45,0.644444444444444,0.954233409610984,0.00628614221807844,0.00607784401440237,0.00469662854478914
3400,"SpambasePrefilter5of6OOFThresholds",919,0.952351785909123,0.945309322832459,0.947863455568009,0.946343374629279,0.951033732317737,0.940152339499456,0.945593035908596,0.946681175190424,0.954298150163221,42,0.666666666666667,0.964652223489168,0.00704246307666367,0.00448833034111307,0.00600841127984364
3500,"SpambasePrefilter5of6OOFThresholds",919,0.9514541198409,0.951868236507732,0.950625886507236,0.95504478411379,0.949945593035909,0.951033732317737,0.947769314472252,0.954298150163221,0.952121871599565,44,0.636363636363636,0.965714285714286,-0.000414116666831887,0.000828233333663997,-0.00359066427289045
3600,"SpambasePrefilter5of6OOFThresholds",919,0.936950117539701,0.93853963121299,0.940749080016267,0.933431365741889,0.942328618063112,0.940152339499456,0.94341675734494,0.929270946681175,0.953210010881393,43,0.581395348837209,0.960045662100457,-0.0015895136732893,-0.00379896247656641,0.00351875179781191
3700,"SpambasePrefilter5of6OOFThresholds",919,0.951729371038615,0.947860975827489,0.949450489500779,0.933776049674162,0.953210010881393,0.953210010881393,0.951033732317737,0.931447225244831,0.960826985854189,36,0.777777777777778,0.960362400906002,0.00386839521112514,0.00227888153783584,0.0179533213644525
3800,"SpambasePrefilter5of6OOFThresholds",919,0.938817362151224,0.951868236507732,0.950556453772677,0.943789241893728,0.935799782372144,0.951033732317737,0.94885745375408,0.941240478781284,0.947769314472252,48,0.5,0.959816303099885,-0.0130508743565073,-0.0117390916214528,-0.00497187974250379
3900,"SpambasePrefilter5of6OOFThresholds",919,0.943580943690052,0.943580943690052,0.944270311554599,0.935499469335529,0.944504896626768,0.944504896626768,0.94885745375408,0.942328618063112,0.959738846572361,37,0.594594594594595,0.959183673469388,0,-0.000689367864546653,0.00808147435452355
4000,"SpambasePrefilter5of6OOFThresholds",919,0.928042889592033,0.924866341985975,0.917615580705635,0.922242776515865,0.930359085963003,0.927094668117519,0.919477693144722,0.922742110990207,0.951033732317737,45,0.733333333333333,0.940503432494279,0.00317654760605846,0.0104273088863981,0.00580011307616768
4100,"SpambasePrefilter5of6OOFThresholds",919,0.959533114454904,0.96125901385679,0.955734151978337,0.953938819841892,0.959738846572361,0.963003264417845,0.958650707290533,0.956474428726877,0.957562568008705,39,0.641025641025641,0.973863636363636,-0.0017258994018865,0.00379896247656653,0.00559429461301186
4200,"SpambasePrefilter5of6OOFThresholds",919,0.946135076425603,0.949934038902169,0.945720959758771,0.952835335310513,0.949945593035909,0.951033732317737,0.94885745375408,0.951033732317737,0.958650707290533,38,0.710526315789474,0.960272417707151,-0.00379896247656653,0.000414116666831998,-0.00670025888491033
4300,"SpambasePrefilter5of6OOFThresholds",919,0.951868236507732,0.947241040697501,0.95041758830356,0.945376275826498,0.951033732317737,0.947769314472252,0.951033732317737,0.946681175190424,0.951033732317737,45,0.644444444444444,0.966819221967963,0.00462719581023041,0.00145064820417184,0.00649196068123425
4400,"SpambasePrefilter5of6OOFThresholds",919,0.936950117539701,0.944064493091443,0.938470198478431,0.932186536000873,0.942328618063112,0.944504896626768,0.941240478781284,0.933623503808487,0.951033732317737,45,0.666666666666667,0.956521739130435,-0.00711437555174232,-0.00152008093873057,0.00476358153882772
4500,"SpambasePrefilter5of6OOFThresholds",919,0.955873017447454,0.959049565053513,0.953455270440501,0.948069274031165,0.956474428726877,0.959738846572361,0.956474428726877,0.949945593035909,0.949945593035909,46,0.695652173913043,0.970217640320733,-0.00317654760605846,0.0024177470069533,0.00780374341628898
4600,"SpambasePrefilter5of6OOFThresholds",919,0.942752710356388,0.946896356765228,0.934465417538709,0.931219437198092,0.942328618063112,0.945593035908596,0.935799782372144,0.933623503808487,0.945593035908596,50,0.66,0.958573072497123,-0.00414364640883969,0.00828729281767959,0.0115332731582967
4700,"SpambasePrefilter5of6OOFThresholds",919,0.938125514546158,0.940679647281708,0.932808950871381,0.938745449676146,0.939064200217628,0.944504896626768,0.931447225244831,0.944504896626768,0.947769314472252,48,0.666666666666667,0.954075774971297,-0.00255413273555061,0.00531656367477706,-0.000619935129987925
4800,"SpambasePrefilter5of6OOFThresholds",919,0.949311624031661,0.955942450182013,0.945031591894224,0.938609063947549,0.953210010881393,0.955386289445049,0.944504896626768,0.939064200217628,0.947769314472252,48,0.791666666666667,0.96211251435132,-0.00663082615035171,0.004280032137437,0.0107025600841127
4900,"SpambasePrefilter5of6OOFThresholds",919,0.944478609758275,0.94005971215172,0.937711397879326,0.936605433607427,0.945593035908596,0.939064200217628,0.9379760609358,0.940152339499456,0.952121871599565,44,0.659090909090909,0.96,0.00441889760655445,0.00676721187894902,0.00787317615084759
5000,"SpambasePrefilter5of6OOFThresholds",919,0.95559776624974,0.954700100181517,0.953318884711904,0.953802434113294,0.953210010881393,0.952121871599565,0.951033732317737,0.951033732317737,0.959738846572361,37,0.594594594594595,0.968253968253968,0.000897666068222724,0.00227888153783584,0.00179533213644534
5100,"SpambasePrefilter5of6OOFThresholds",919,0.938194947280717,0.94164922582501,0.93543251634149,0.927975936597994,0.9379760609358,0.936887921653972,0.935799782372144,0.923830250272035,0.947769314472252,48,0.645833333333333,0.954075774971297,-0.00345427854429325,0.00276243093922646,0.0102190106827221
5200,"SpambasePrefilter5of6OOFThresholds",919,0.941855044288166,0.944064493091443,0.945376275826498,0.934120733606435,0.941240478781284,0.944504896626768,0.946681175190424,0.933623503808487,0.933623503808487,61,0.639344262295082,0.962703962703963,-0.00220944880327723,-0.00352123153833184,0.00773431068173025
5300,"SpambasePrefilter5of6OOFThresholds",919,0.926522808653302,0.933498318735927,0.930391203864428,0.92666167412242,0.931447225244831,0.935799782372144,0.931447225244831,0.929270946681175,0.944504896626768,51,0.588235294117647,0.951612903225806,-0.00697551008262498,-0.00386839521112514,-0.000138865469117344
5400,"SpambasePrefilter5of6OOFThresholds",919,0.951729371038615,0.953594135909619,0.951315254371782,0.945101024628783,0.953210010881393,0.954298150163221,0.952121871599565,0.94341675734494,0.963003264417845,34,0.676470588235294,0.963841807909604,-0.00186476487100395,0.000414116666832109,0.00662834640983179
5500,"SpambasePrefilter5of6OOFThresholds",919,0.944478609758275,0.948413957963439,0.938678496682107,0.936536000872869,0.945593035908596,0.952121871599565,0.9379760609358,0.941240478781284,0.947769314472252,48,0.75,0.956371986222732,-0.00393534820516384,0.00580011307616779,0.00794260888540621
5600,"SpambasePrefilter5of6OOFThresholds",919,0.956423519842884,0.956562385312001,0.952902288304552,0.954697620440997,0.963003264417845,0.960826985854189,0.957562568008705,0.959738846572361,0.951033732317737,45,0.711111111111111,0.975972540045767,-0.000138865469117233,0.00352123153833184,0.00172589940188661
5700,"SpambasePrefilter5of6OOFThresholds",919,0.942474979418154,0.944478609758275,0.938884315145263,0.945445708561056,0.946681175190424,0.945593035908596,0.942328618063112,0.945593035908596,0.944504896626768,51,0.705882352941177,0.960829493087558,-0.00200363034012119,0.00359066427289056,-0.00297072914290242
5800,"SpambasePrefilter5of6OOFThresholds",919,0.942544412152712,0.945445708561056,0.940887945485384,0.940887945485384,0.945593035908596,0.945593035908596,0.941240478781284,0.941240478781284,0.945593035908596,50,0.66,0.962025316455696,-0.0029012964083438,0.00165646666732788,0.00165646666732788
5900,"SpambasePrefilter5of6OOFThresholds",919,0.937227848477935,0.944548042492834,0.935846633008322,0.928595871727982,0.9379760609358,0.944504896626768,0.936887921653972,0.929270946681175,0.947769314472252,48,0.666666666666667,0.95292766934558,-0.00732019401489836,0.00138121546961334,0.00863197674995286
6000,"SpambasePrefilter5of6OOFThresholds",919,0.954697620440997,0.948483390697997,0.943442078220935,0.953869387107333,0.959738846572361,0.951033732317737,0.946681175190424,0.957562568008705,0.955386289445049,41,0.731707317073171,0.970387243735763,0.00621422974299968,0.0112555422200621,0.000828233333663886
6100,"SpambasePrefilter5of6OOFThresholds",919,0.944272791295119,0.947794022833451,0.939092613348939,0.942613844887271,0.941240478781284,0.946681175190424,0.939064200217628,0.944504896626768,0.959738846572361,37,0.486486486486487,0.96031746031746,-0.00352123153833173,0.00518017794617975,0.00165894640784803
6200,"SpambasePrefilter5of6OOFThresholds",919,0.949864606167611,0.954905918644673,0.944409177023716,0.949036372833947,0.952121871599565,0.956474428726877,0.946681175190424,0.949945593035909,0.952121871599565,44,0.795454545454545,0.96,-0.00504131247706241,0.00545542914389441,0.000828233333663997
6300,"SpambasePrefilter5of6OOFThresholds",919,0.946065643691044,0.951040003174068,0.946896356765228,0.94475386095599,0.951033732317737,0.94885745375408,0.945593035908596,0.94885745375408,0.940152339499456,55,0.763636363636364,0.962962962962963,-0.0049743594830236,-0.000830713074183809,0.00131178273505461
6400,"SpambasePrefilter5of6OOFThresholds",919,0.949175238303064,0.948830554370791,0.94731047343206,0.937850263348443,0.947769314472252,0.945593035908596,0.946681175190424,0.935799782372144,0.946681175190424,49,0.591836734693878,0.967816091954023,0.000344683932273382,0.00186476487100395,0.0113249749546209
6500,"SpambasePrefilter5of6OOFThresholds",919,0.938814882410705,0.933979388396798,0.945376275826498,0.923757897973556,0.94341675734494,0.94341675734494,0.946681175190424,0.936887921653972,0.939064200217628,56,0.696428571428571,0.959443800695249,0.00483549401390637,-0.00656139341579298,0.0150569844371484
6600,"SpambasePrefilter5of6OOFThresholds",919,0.950556453772677,0.949589354969896,0.94420335856056,0.940682127022228,0.94885745375408,0.94885745375408,0.942328618063112,0.936887921653972,0.946681175190424,49,0.857142857142857,0.954022988505747,0.000967098802781341,0.00635309521211702,0.00987432675044886
6700,"SpambasePrefilter5of6OOFThresholds",919,0.941924477022724,0.943097394288662,0.937297281212494,0.909464673616553,0.940152339499456,0.944504896626768,0.936887921653972,0.918389553862894,0.94341675734494,52,0.673076923076923,0.956170703575548,-0.00117291726593716,0.00462719581023041,0.0324598034061716
6800,"SpambasePrefilter5of6OOFThresholds",919,0.944064493091443,0.944133925826002,0.949450489500779,0.942822143090947,0.944504896626768,0.94341675734494,0.951033732317737,0.941240478781284,0.947769314472252,48,0.541666666666667,0.966704936854191,-6.94327345586165e-05,-0.00538599640933579,0.001242350000496
6900,"SpambasePrefilter5of6OOFThresholds",919,0.937364234206533,0.948208139500283,0.939298431812095,0.932670085402263,0.94341675734494,0.947769314472252,0.94341675734494,0.933623503808487,0.940152339499456,55,0.636363636363636,0.962962962962963,-0.0108439052937501,-0.00193419760556257,0.0046941488042691
7000,"SpambasePrefilter5of6OOFThresholds",919,0.944892726425107,0.941924477022724,0.944962159159666,0.928320620530268,0.946681175190424,0.940152339499456,0.945593035908596,0.926006528835691,0.94341675734494,52,0.730769230769231,0.959630911188005,0.00296824940238238,-6.94327345587276e-05,0.016572105894839
